{"cameraMode":{"drawMode":0,"name":"Shaded","section":"Shading Mode"},"sceneLighting":true,"audioPlay":false,"sceneViewState":{"m_AlwaysRefresh":false,"showFog":true,"showSkybox":true,"showFlares":true,"showImageEffects":true,"showParticleSystems":true,"showVisualEffectGraphs":true,"m_FxEnabled":true},"in2DMode":false,"pivot":{"x":10.185526847839356,"y":3.087554454803467,"z":-1.878516435623169},"rotation":{"x":0.04059702157974243,"y":0.7042357921600342,"z":-0.04040423408150673,"w":0.7076327800750732},"size":10.344620704650879,"orthographic":false}